id;status;name;url;created;updated;user_id
1;FAIL;deposit;"https://www.pzq4ra-oz-ctz5v4.cbp/+#5P2";2021-09-19T08:52:35;2021-09-20T02:21:10;1
2;FAIL;Awesome payment;"ww.wqg/YJk$";2021-09-19T17:17:06;2021-09-19T23:41:21;2
3;OK;responsive;"6m92w-z.yra-c3b.crud";2021-09-19T05:39:56;2021-09-20T02:38:22;2
4;OK;Hawaii parse Vermont;"rcr.imw.ymwtj";2021-09-19T08:29:15;2021-09-19T08:22:02;2
5;OK;pink XML Graphical;"b-f-m5.mwdd:580/2Xq}";2021-09-19T20:38:57;2021-09-19T15:27:38;1
6;OK;Legacy THX Re-engineered;"d.hxai:627";2021-09-19T23:32:35;2021-09-19T12:50:38;1
7;OK;Crossing Hong;"yxkej.xntdn-8q6c.z0lg-im5.nhg:912/";2021-09-19T23:26:20;2021-09-19T10:59:34;1
8;OK;quantifying;"http://www.b4-zznl5y-g41.x.s38yr.ykrl3r.fql/[OF&";2021-09-20T05:13:44;2021-09-19T07:59:42;2
9;FAIL;Shoes Factors;"du-e43t6h-fsx-n83u.hi";2021-09-19T12:52:54;2021-09-19T17:40:27;1
10;FAIL;Cotton Martinique Synchronised;"https://www.iaxhw.rixv1r.rqhv-if8b-zw.wzxq/LN";2021-09-19T16:25:48;2021-09-19T17:36:55;2
